顧客ID,姓,名,性別
CS02811,香椎,由美子,女
CS02873,飯塚,玲那,女
CS02095,竹村,貴嶺,男
CS00849,増田,友香,女
CS00280,小原,朝陽,女
CS01430,守屋,良介,男
CS01741,藤本,耕司,男
CS01426,楠本,丈雄,男
CS00695,中園,季衣,女
CS01454,志村,瞳,女
CS00233,湯浅,哲平,男
CS01719,細川,信吾,男
CS01267,大和田,菜摘,女
CS00467,岩田,希,女
CS02815,後藤,輝信,男
CS01471,大江,南朋,女
CS00227,外山,春樹,女
CS00421,奥貫,裕次郎,男
CS00744,野本,寛治,男
CS00031,河合,季衣,女
CS00488,五味,良介,男
CS00618,浅利,あい,女
CS01424,松野,樹里,女
CS01386,平塚,晋也,男
CS01143,安斎,そら,女
CS01819,重松,秀隆,男
CS00028,手島,優,女
CS02907,岡,晴臣,男
CS00065,村上,コウ,女
CS01568,堀田,草太,男
CS00949,高柳,晃司,男
CS02233,川瀬,三郎,男
CS00966,瀬戸,しほり,女
CS00522,有村,剛基,男
CS02640,近藤,高史,男
CS02065,滝田,信吾,男
CS02429,鹿島,たかお,男
CS02405,山城,ちえみ,女
CS01234,吉沢,英嗣,男
CS02842,山元,みき,女
CS00318,玉城,れいな,女
CS02457,岸,丈雄,男
CS01557,恩田,勇,女
CS00905,平塚,慎之介,男
CS02282,田淵,人志,男
CS02961,松沢,ジョージ,男
CS02724,倉本,宏行,男
CS01532,田川,賢治,男
CS00400,上条,玲那,女
CS02839,阿井,優,男
CS01717,本橋,夏希,女
CS02460,土谷,一代,女
CS02439,大森,法嗣,男
CS02976,久保,路子,女
CS01863,黒川,路子,女
CS01135,高樹,さとみ,女
CS01616,高村,知史,男
CS00777,尾崎,愛,女
CS00682,岩城,茜,女
CS00168,神谷,ひろ子,女
CS00384,川端,真希,女
CS02339,菊田,勝久,男
CS00046,平松,翔,男
CS01472,志賀,涼,女
CS00877,田沢,亜希,女
CS01502,大村,扶樹,男
CS02128,半田,みき,女
CS00842,芳賀,美帆,女
CS00427,栗田,あや子,女
CS00008,宮野,栄一,男
CS02685,田川,真希,女
CS02994,三上,高史,男
CS01907,浜口,慶二,男
CS00107,矢作,早紀,女
CS02834,井口,季衣,女
CS00798,安部,砂羽,女
CS00727,中,晋也,男
CS01571,吉川,菊生,男
CS01841,長井,なつみ,女
CS01712,草村,徹平,男
CS00162,立石,圭,男
CS02157,山川,蒼甫,男
CS00218,小高,憲一,男
CS02987,星野,一樹,男
CS02055,本間,沙耶,女
CS01669,川井,貴美子,女
CS00735,松木,洋介,男
CS01163,牧野,慎之介,男
CS02289,三島,精児,男
CS00662,小野寺,恵望子,女
CS00791,長田,真奈美,女
CS01294,福原,丈雄,男
CS00982,磯部,奈央,女
CS02874,金丸,希,女
CS02263,神木,まさし,男
CS00261,玉井,右京,男
CS00004,江原,ちえみ,女
CS02215,松元,美嘉,女
CS01779,小宮,真奈美,女
CS02594,安藤,満,男
CS01758,前川,広之,男
CS01231,福島,路子,女
CS00977,伊沢,かおり,女
CS02981,宇都宮,那奈,女
CS00830,今田,沙耶,女
CS01206,一木,完爾,男
CS00450,若林,ひろ子,女
CS02672,福井,徹,男
CS01737,浜口,優,男
CS01672,清水,綾,女
CS00642,岩崎,了,男
CS02110,北村,ひろみ,女
CS02792,斎藤,扶樹,男
CS02319,石垣,みき,女
CS01846,寺島,朝陽,女
CS00339,松尾,璃子,女
CS01782,南部,奈月,女
CS01089,秋山,守,男
CS00279,宇佐美,大樹,男
CS02520,橋爪,寿々花,女
CS01188,坂井,将也,男
CS00106,市原,英嗣,男
CS00356,滝本,芳正,男
CS01450,吉沢,剛基,男
CS01562,高倉,晋也,男
CS01579,那須,良介,男
CS01442,仲村,由宇,女
CS02191,深谷,怜奈,女
CS02253,松岡,輝信,男
CS00431,内野,ひとみ,女
CS01020,野上,信吾,男
CS01695,白木,夏空,女
CS01021,山城,法嗣,男
CS01994,比嘉,友也,男
CS02054,池本,宏,男
CS00641,小山,菊生,男
CS02219,飯島,昌代,女
CS02323,笠井,大,男
CS00778,蒼井,菊生,男
CS02301,成田,扶樹,男
CS01533,西島,砂羽,女
CS02038,成海,瞬,女
CS00489,緒方,輝信,男
CS02399,大崎,菜々美,女
CS00402,村上,まさし,男
CS00386,米田,まさみ,女
CS00663,川原,彩華,女
CS00598,安永,徹,男
CS00755,野崎,希,女
CS00590,江藤,祐基,男
CS00015,都築,玲那,女
CS00410,山西,涼,女
CS00878,船橋,亜希,女
CS01056,勝又,淳,男
CS00250,若槻,季衣,女
CS00801,長浜,はるみ,女
CS00196,寺田,悟志,男
CS02561,武田,達士,男
CS02343,伊集院,瞬,男
CS02507,野島,隼士,男
CS00979,大倉,和香,女
CS01264,矢田,敏和,男
CS02415,東,丈史,男
CS00420,正木,ひとり,男
CS02951,平野,玲那,女
CS00924,篠田,功補,男
CS00942,大沼,なぎさ,女
CS02773,徳永,麻由子,女
CS02465,平野,愛梨,女
CS02102,須賀,サンタマリア,女
CS01878,小川,那奈,女
CS01126,星,路子,女
CS01044,木内,努,男
CS00123,宮本,慶二,男
CS00933,山内,蒼甫,男
CS00705,大崎,まひる,女
CS01936,浜,はるか,女
CS00367,川合,美希,女
CS01724,長浜,薫,女
CS01498,余,育子,女
CS00775,高嶋,れいな,女
CS02726,安藤,孝太郎,男
CS02508,安井,真帆,女
CS02430,菅澤,真悠子,女
CS01822,岡本,遥,女
CS01641,古田,友香,女
CS02163,横尾,育子,女
CS00361,黒川,豊,男
CS01322,堀江,あき,女
CS01883,林田,恵美,女
CS00646,松井,ちえみ,女
CS02435,大和田,扶樹,男
CS01772,六角,だん吉,男
CS01685,熊沢,杏,女
CS00936,高畑,三郎,男
CS00602,浦田,光,女
CS00009,五大,将也,男
CS00776,山西,誠一,男
CS00062,阪本,大樹,男
CS00382,坂田,真悠子,女
CS01872,望月,洋,男
CS00786,日比野,雅功,男
CS00054,依田,沙知絵,女
CS01438,児玉,花緑,男
CS00973,小田,佑,男
CS01554,島,綾,女
CS01008,望月,隆之介,男
CS00398,紺野,優,女
CS01791,森井,真帆,女
CS01118,土橋,拓郎,男
CS00428,三輪,明,男
CS00238,溝口,春樹,女
CS01185,林田,亮,男
CS02988,小菅,洋,男
CS02277,井上,ジョージ,男
CS00407,橘,将也,男
CS02187,水田,まみ,女
CS00245,広川,弘也,男
CS01958,高井,陽介,男
CS02965,村松,輝信,男
CS02606,平岡,夏希,女
CS00409,杉山,樹里,女
CS00985,岩崎,春樹,女
CS02731,武,涼,女
CS00194,篠崎,兼,男
CS00644,玉田,昴,男
CS01504,福沢,亮介,男
CS02959,小田島,啓介,男
CS00716,守屋,京子,女
CS01200,美木,たまき,女
CS01645,乾,将也,男
CS02559,高野,右京,男
CS01001,宮田,孝太郎,男
CS00142,堀江,真希,女
CS02186,沼田,美嘉,女
CS01071,宮川,奈央,女
CS01710,宮脇,メイサ,女
CS01611,小栗,さやか,女
CS02513,田村,由宇,女
CS00978,市原,恵美,女
CS02528,佐竹,龍吉,男
CS01270,川瀬,一代,女
CS00235,伊藤,慶二,男
CS02844,藤村,紗季,女
CS02999,北田,友香,女
CS01108,高見,圭,男
CS00903,坂野,瞬,男
CS01268,村瀬,ジョージ,男
CS01736,唐沢,康文,男
CS02489,奥貫,彩,女
CS01444,中山,三郎,男
CS01189,宮内,博之,男
CS02501,成海,亜希,女
CS01129,城咲,たかお,男
CS01060,乾,育二,男
CS01250,村上,麻緒,女
CS00172,前野,栄一,男
CS00122,船橋,公顕,男
CS02125,村瀬,完爾,男
CS02933,浅川,ひろ子,女
CS01893,石橋,沙知絵,女
CS02392,湯浅,はるか,女
CS02476,大原,京子,女
CS01223,半田,英嗣,男
CS01651,美木,慶二,男
CS02217,沢村,進,男
CS01607,進藤,美里,女
CS00573,片平,美月,女
CS01362,吉沢,真希,女
CS00064,森田,光,男
CS00111,沼田,早紀,女
CS00112,長井,基祐,男
CS02211,早坂,季衣,女
CS01241,黒沢,しほり,女
CS02870,布施,徹平,男
CS01142,雨宮,茜,女
CS00342,神野,惇,男
CS01258,坂田,努,男
CS01947,福原,茂樹,男
CS02111,倉田,一哉,男
CS01713,浅川,くるみ,女
CS01725,岩田,愛子,女
CS02645,細野,草太,男
CS00068,赤松,仁晶,男
CS00374,浜田,里穂,女
CS00149,山中,昴,男
CS01121,加瀬,那奈,女
CS02630,大沼,はるみ,女
CS00371,渡辺,由宇,女
CS00823,片岡,一輝,男
CS01295,神原,勇一,男
CS02423,生田,丈雄,男
CS02620,長谷川,奈月,女
CS01928,平良,寛治,男
CS01918,田端,直人,男
CS00221,西沢,一樹,男
CS01540,海野,美嘉,女
CS02886,小幡,勇太,男
CS00609,荒井,努,男
CS01406,大友,惇,男
CS02793,中野,真悠子,女
CS01075,内海,佳乃,女
CS00101,寺西,未來,男
CS02566,坂井,真悠子,女
CS01830,大沼,薫,男
CS01911,大和田,了,男
CS00558,木原,ジローラモ,男
CS01708,矢口,彩,女
CS02250,平松,仁,男
CS00365,森本,なつみ,女
CS00383,大石,サダヲ,男
CS00523,赤松,昴,男
CS02636,関,雅功,男
CS01735,水島,和香,女
CS02189,大和,朝香,女
CS02629,宮迫,晋也,男
CS01480,田島,佑,男
CS00675,塩谷,詩織,女
CS02246,大竹,美優,女
CS00638,石橋,早織,女
CS00345,庄司,慶太,男
CS01527,伊東,メイサ,女
CS02536,佐々木,さゆり,女
CS02067,岩村,信輔,男
CS02437,葛山,光良,男
CS01051,薬師丸,莉緒,女
CS00287,西島,ケンイチ,男
CS01882,波多野,桃子,女
CS00715,矢田,フミヤ,男
CS01184,酒井,信吾,男
CS01133,中原,将也,男
CS01937,藤井,染五郎,男
CS00098,栗原,広之,男
CS00443,奥寺,法子,女
CS00787,三船,かおり,女
CS02574,石田,恵子,女
CS01230,長岡,直人,男
CS02432,内田,陽介,男
CS00650,武田,美佐子,女
CS02557,黒岩,宏行,男
CS01812,新村,景子,女
CS01963,新村,愛,女
CS02069,恩田,光,女
CS02816,中本,朝香,女
CS01843,浅倉,フミヤ,男
CS01361,関根,法子,女
CS02173,神戸,莉央,女
CS00626,宇多田,千夏,女
CS01886,沢井,なつみ,女
CS01396,青野,花,女
CS02183,蛍原,光良,男
CS00349,守屋,寿々花,女
CS01990,杉田,公顕,男
CS00045,片山,広之,男
CS02723,梅津,真希,女
CS00440,石丸,敏和,男
CS01752,大泉,大樹,男
CS00281,明石家,崇史,男
CS02642,武,由樹,女
CS00796,西井,花緑,男
CS01833,本間,徹,男
CS00799,星,拓郎,男
CS00562,井口,育二,男
CS02658,岩本,未來,女
CS02028,森口,未來,女
CS02900,野田,祐一,男
CS00042,赤松,利夫,男
CS00724,亀山,大五郎,男
CS02941,笹川,昴,男
CS02526,坂井,三郎,男
CS02416,寺脇,璃奈子,女
CS02365,日比野,美月,女
CS02756,岡,功補,男
CS01584,多田,愛,女
CS02459,筒井,洋介,男
CS02488,瀬尾,紗季,女
CS02060,志田,くるみ,女
CS00086,林田,扶樹,男
CS01068,西脇,ジローラモ,男
CS00914,関谷,夏空,女
CS02099,野村,美佐子,女
CS00215,江崎,愛菜,女
CS02595,一木,綾女,女
CS01643,矢口,正義,男
CS01808,照井,綾,女
CS02657,西川,啓介,男
CS00290,とよた,太朗,男
CS01330,赤羽,瑠璃亜,女
CS01920,福沢,勇介,男
CS00893,山根,瞳,女
CS02929,梅津,祐一,男
CS02368,小倉,さゆり,女
CS00854,宇田川,育二,男
CS02649,神崎,一,男
CS00337,岩永,寿々花,女
CS02710,今泉,瑠璃亜,女
CS02541,高島,理紗,女
CS02154,米沢,コウ,女
CS00350,児玉,那奈,女
CS02855,神崎,那奈,女
CS00220,岡本,薫,女
CS00229,武井,裕次郎,男
CS02408,長田,芽以,女
CS00543,久米,光,男
CS02361,深谷,路子,女
CS02384,西井,綾女,女
CS01974,大村,真悠子,女
CS00876,清田,育子,女
CS01033,小野寺,莉沙,女
CS02205,水崎,優一,男
CS01855,岩村,美嘉,女
CS01041,山西,祐一,男
CS01158,宮下,麻由子,女
CS00445,山川,努,男
CS02182,今,聖陽,男
CS02057,渋谷,ひかり,女
CS01723,今泉,光良,男
CS02311,小菅,翔,男
CS00946,高橋,怜奈,女
CS00567,磯部,美佐子,女
CS00264,中尾,憲史,男
CS01707,曽我,めぐみ,女
CS01953,滝口,新太,男
CS00312,松井,宏行,男
CS02117,土橋,人志,男
CS00844,小柳,遥,女
CS00297,高瀬,淳子,女
CS00073,北川,聖陽,男
CS00090,綾瀬,千夏,女
CS02315,亀田,美優,女
CS01259,本上,憲一,男
CS02366,井本,みあ,女
CS02913,有馬,未來,女
CS00540,川田,敏和,男
CS00765,澤田,仁,男
CS01687,矢口,祐一,男
CS02347,菅沼,だん吉,男
CS02053,平林,未華子,女
CS01393,増田,京子,女
CS01648,宇多田,光臣,男
CS02837,海音寺,咲,女
CS02436,大貫,明,男
CS00480,小市,ヒロ,男
CS02884,沖田,聖陽,男
CS00607,島崎,未來,男
CS02511,山村,莉沙,女
CS00331,藤田,崇史,男
CS00132,浅井,さやか,女
CS01154,重田,美幸,女
CS02438,浜本,彩華,女
CS00654,山本,季衣,女
CS00295,乾,孝太郎,男
CS02404,諏訪,人志,男
CS02208,小市,淳,男
CS01604,伴,美佳,女
CS00000,白木,一樹,男
CS00737,大路,真一,男
CS00941,伴,康文,男
CS02909,国分,花,女
CS00169,内村,希,女
CS00375,大石,秀隆,男
CS01465,葛西,きみまろ,男
CS02002,島崎,丈史,男
CS02993,吉岡,沙知絵,女
CS00130,長田,沙耶,女
CS02705,鈴木,ひかり,女
CS02140,前川,花緑,男
CS01194,高沢,勤,男
CS01280,堀北,真帆,女
CS00516,北川,隆博,男
CS01720,佐野,康文,男
CS01813,広瀬,勇,女
CS00935,岩城,菜摘,女
CS00961,稲田,光良,男
CS02048,石崎,遥,女
CS00736,山内,菜摘,女
CS01956,山西,裕次郎,男
CS00628,鬼頭,広之,男
CS02129,山田,三省,男
CS00032,宮部,啓介,男
CS02156,大森,宏,男
CS01274,村上,美紀,女
CS02538,安藤,雄太,男
